{"cameraMode":{"drawMode":1,"name":"Wireframe","section":"Shading Mode"},"sceneLighting":false,"audioPlay":false,"sceneViewState":{"showFog":true,"showMaterialUpdate":false,"showSkybox":false,"showFlares":true,"showImageEffects":true,"showParticleSystems":true},"in2DMode":false,"pivot":{"x":-3.839114189147949,"y":1.5,"z":10.022475242614746},"rotation":{"x":0.2660379409790039,"y":0.10385940223932266,"z":-0.028844386339187623,"w":0.9579183459281921},"size":6.7930192947387699,"orthographic":true}