{"cameraMode":{"drawMode":0,"name":"Shaded","section":"Shading Mode"},"sceneLighting":false,"audioPlay":false,"sceneViewState":{"showFog":true,"showMaterialUpdate":false,"showSkybox":false,"showFlares":true,"showImageEffects":true,"showParticleSystems":true},"in2DMode":false,"pivot":{"x":-8.47433853149414,"y":1.5,"z":13.842777252197266},"rotation":{"x":0.29930147528648379,"y":0.29540321230888369,"z":-0.09802409261465073,"w":0.9019683599472046},"size":21.11879539489746,"orthographic":true}