{"cameraMode":{"drawMode":1,"name":"Wireframe","section":"Shading Mode"},"sceneLighting":true,"audioPlay":false,"sceneViewState":{"showFog":true,"showMaterialUpdate":false,"showSkybox":true,"showFlares":true,"showImageEffects":true,"showParticleSystems":true},"in2DMode":false,"pivot":{"x":-1.901611328125,"y":0.1416015625,"z":23.416748046875},"rotation":{"x":0.4808996319770813,"y":-0.2335936576128006,"z":0.1346471905708313,"w":0.8342914581298828},"size":1.255128264427185,"orthographic":true}